-- MySQL dump 10.13  Distrib 8.0.30, for Win64 (x86_64)
--
-- Host: localhost    Database: wb_banco
-- ------------------------------------------------------
-- Server version	8.0.30

/*!40101 SET @OLD_CHARACTER_SET_CLIENT=@@CHARACTER_SET_CLIENT */;
/*!40101 SET @OLD_CHARACTER_SET_RESULTS=@@CHARACTER_SET_RESULTS */;
/*!40101 SET @OLD_COLLATION_CONNECTION=@@COLLATION_CONNECTION */;
/*!50503 SET NAMES utf8 */;
/*!40103 SET @OLD_TIME_ZONE=@@TIME_ZONE */;
/*!40103 SET TIME_ZONE='+00:00' */;
/*!40014 SET @OLD_UNIQUE_CHECKS=@@UNIQUE_CHECKS, UNIQUE_CHECKS=0 */;
/*!40014 SET @OLD_FOREIGN_KEY_CHECKS=@@FOREIGN_KEY_CHECKS, FOREIGN_KEY_CHECKS=0 */;
/*!40101 SET @OLD_SQL_MODE=@@SQL_MODE, SQL_MODE='NO_AUTO_VALUE_ON_ZERO' */;
/*!40111 SET @OLD_SQL_NOTES=@@SQL_NOTES, SQL_NOTES=0 */;

--
-- Table structure for table `clientes`
--

DROP TABLE IF EXISTS `clientes`;
/*!40101 SET @saved_cs_client     = @@character_set_client */;
/*!50503 SET character_set_client = utf8mb4 */;
CREATE TABLE `clientes` (
  `id` int NOT NULL AUTO_INCREMENT,
  `nome` varchar(255) DEFAULT NULL,
  `nome_social` varchar(255) DEFAULT NULL,
  `sexo` varchar(255) DEFAULT NULL,
  `cpf` varchar(255) DEFAULT NULL,
  `data_cpf` date DEFAULT NULL,
  `rg` varchar(255) DEFAULT NULL,
  `data_rg` date DEFAULT NULL,
  `data_cadastro` datetime DEFAULT NULL,
  `telefone` varchar(255) DEFAULT NULL,
  `createdAt` datetime NOT NULL,
  `updatedAt` datetime NOT NULL,
  PRIMARY KEY (`id`)
) ENGINE=InnoDB AUTO_INCREMENT=36 DEFAULT CHARSET=utf8mb4 COLLATE=utf8mb4_0900_ai_ci;
/*!40101 SET character_set_client = @saved_cs_client */;

--
-- Dumping data for table `clientes`
--

LOCK TABLES `clientes` WRITE;
/*!40000 ALTER TABLE `clientes` DISABLE KEYS */;
INSERT INTO `clientes` VALUES (13,'André Ramos Ribeiro','André','M','23456709812','2001-01-05','1234561234','2001-01-01','2022-12-01 00:00:00','551298899889','2022-12-01 19:07:38','2022-12-01 19:07:38'),(14,'Dionisio Samuel Dos Santos Leão','Samu','M','47023456790','2001-01-01','213456712','2022-02-01','2022-12-01 00:00:00','5512974746872','2022-12-01 19:40:21','2022-12-01 19:40:21'),(15,'José','Jó','M','5345255345','2005-11-22','324456677','2005-11-22','2022-12-01 00:00:00','551299997777','2022-12-01 19:44:36','2022-12-01 19:44:36'),(16,'Gabriel','Coutinho','M','534564536','2000-02-25','5345645434','2000-02-25','2022-12-01 00:00:00','551299778585','2022-12-01 19:48:40','2022-12-01 19:48:40'),(17,'Pedro','Pedro','M','45678934512','1999-11-11','12323232556','1999-11-11','2022-12-01 00:00:00','55129886641','2022-12-01 19:49:49','2022-12-01 19:49:49'),(18,'Marcelo','Antônio','M','12345687612','2001-10-13','12123454454','2001-10-13','2022-12-01 00:00:00','55128988761','2022-12-01 19:50:57','2022-12-01 19:50:57'),(19,'Otaviano','Otavio','M','412341234','2004-10-29','1266908756','2004-10-29','2022-12-01 00:00:00','551299764223','2022-12-01 19:52:17','2022-12-01 19:52:17'),(20,'David','Davi','M','12253351414','2002-10-30','23234532123','2002-10-30','2022-12-01 00:00:00','551298876544','2022-12-01 19:55:49','2022-12-01 19:55:49'),(21,'João','João','M','23123123221','1998-05-21','1234463454','1998-05-21','2022-12-01 00:00:00','551298877777','2022-12-01 19:57:06','2022-12-01 19:57:06'),(22,'Everton','Estilo','M','342311231231','1990-06-26','1223243323','1990-06-26','2022-12-01 00:00:00','551298888888','2022-12-01 19:58:40','2022-12-01 19:58:40'),(23,'Diogo','Diego','M','23231234554','1986-12-04','2323444552','1986-12-04','2022-12-01 00:00:00','551298877665','2022-12-01 19:59:41','2022-12-01 19:59:41'),(24,'Eduardo','Edu','M','2312412313','1993-02-05','1231231331','1993-02-05','2022-12-01 00:00:00','5511988765','2022-12-01 20:01:42','2022-12-01 20:01:42'),(25,'Luzia','Lu','F','636453654','1980-03-06','124322344','1980-03-06','2022-12-01 00:00:00','55911876221','2022-12-01 20:02:58','2022-12-01 20:02:58'),(26,'Lucia','Lu','F','87686783432','1970-05-07','12134234342','1970-05-07','2022-12-01 00:00:00','55108657742','2022-12-01 20:05:13','2022-12-01 20:05:13'),(27,'Bruna','Bruna','F','63634567','1976-06-11','34233243','1976-06-08','2022-12-01 00:00:00','551297775555','2022-12-01 20:06:25','2022-12-01 20:06:25'),(28,'Ana','Aninha','F','52452540','1990-08-17','1232312131','1990-10-08','2022-12-01 00:00:00','55129667543','2022-12-01 20:08:56','2022-12-01 20:08:56'),(29,'Clara','Clara','M','59687967','1996-10-28','123143523','1996-10-16','2022-12-01 00:00:00','551295555342','2022-12-01 20:09:48','2022-12-01 20:09:48'),(30,'Carla','Carla','F','58785876','2002-02-28','123143512','2002-10-24','2022-12-01 00:00:00','5512443455','2022-12-01 20:11:17','2022-12-01 20:11:17'),(31,'Fernanda','Fe','F','32432123123','1990-03-22','56564353345','1990-11-21','2022-12-01 00:00:00','55126544664','2022-12-01 20:12:45','2022-12-01 20:12:45'),(32,'Nathalia','Nat','F','53452432213','1980-01-09','12312331233','1990-02-12','2022-12-01 00:00:00','55128775634','2022-12-01 20:13:44','2022-12-01 20:13:44'),(33,'Mariana','Mari','F','76457654','1989-07-05','1234342112','1989-02-14','2022-12-01 00:00:00','551298573421','2022-12-01 20:14:35','2022-12-01 20:14:35'),(34,'Samira','Samira','F','00066645231','1985-01-30','12434212233','1986-01-09','2022-12-01 00:00:00','55129676788','2022-12-01 20:15:59','2022-12-01 20:15:59'),(35,'Ingrid','Ingrid','F','21323132523','2002-05-29','12341224341','2002-06-11','2022-12-01 00:00:00','55129759869','2022-12-01 20:17:36','2022-12-01 20:17:36');
/*!40000 ALTER TABLE `clientes` ENABLE KEYS */;
UNLOCK TABLES;

--
-- Table structure for table `pedidos`
--

DROP TABLE IF EXISTS `pedidos`;
/*!40101 SET @saved_cs_client     = @@character_set_client */;
/*!50503 SET character_set_client = utf8mb4 */;
CREATE TABLE `pedidos` (
  `ped_id` int NOT NULL AUTO_INCREMENT,
  `cli_id` int NOT NULL,
  `prod_id` int DEFAULT NULL,
  `serv_id` int DEFAULT NULL,
  `createdAt` datetime NOT NULL,
  `updatedAt` datetime NOT NULL,
  PRIMARY KEY (`ped_id`),
  KEY `cli_id` (`cli_id`),
  KEY `prod_id` (`prod_id`),
  KEY `serv_id` (`serv_id`),
  CONSTRAINT `pedidos_ibfk_1` FOREIGN KEY (`cli_id`) REFERENCES `clientes` (`id`) ON UPDATE CASCADE,
  CONSTRAINT `pedidos_ibfk_2` FOREIGN KEY (`prod_id`) REFERENCES `produtos` (`id`) ON DELETE SET NULL ON UPDATE CASCADE,
  CONSTRAINT `pedidos_ibfk_3` FOREIGN KEY (`serv_id`) REFERENCES `servicos` (`id`) ON DELETE SET NULL ON UPDATE CASCADE
) ENGINE=InnoDB AUTO_INCREMENT=32 DEFAULT CHARSET=utf8mb4 COLLATE=utf8mb4_0900_ai_ci;
/*!40101 SET character_set_client = @saved_cs_client */;

--
-- Dumping data for table `pedidos`
--

LOCK TABLES `pedidos` WRITE;
/*!40000 ALTER TABLE `pedidos` DISABLE KEYS */;
INSERT INTO `pedidos` VALUES (11,13,12,6,'2022-12-01 20:28:22','2022-12-01 20:28:22'),(13,14,8,8,'2022-12-01 20:29:21','2022-12-01 20:29:21'),(14,17,14,10,'2022-12-01 20:29:34','2022-12-01 20:29:34'),(15,18,11,12,'2022-12-01 20:29:45','2022-12-01 20:29:45'),(16,23,9,14,'2022-12-01 20:30:02','2022-12-01 20:30:02'),(17,20,7,11,'2022-12-01 20:30:14','2022-12-01 20:30:14'),(18,19,15,9,'2022-12-01 20:30:28','2022-12-01 20:30:28'),(19,24,13,15,'2022-12-01 20:30:44','2022-12-01 20:30:44'),(20,16,16,11,'2022-12-01 20:31:00','2022-12-01 20:31:00'),(21,15,12,14,'2022-12-01 20:31:29','2022-12-01 20:31:29'),(22,25,10,6,'2022-12-01 20:31:43','2022-12-01 20:31:43'),(23,26,11,12,'2022-12-01 20:31:54','2022-12-01 20:31:54'),(24,27,10,8,'2022-12-01 20:32:04','2022-12-01 20:32:04'),(25,28,10,14,'2022-12-01 20:32:17','2022-12-01 20:32:17'),(26,29,10,10,'2022-12-01 20:32:32','2022-12-01 20:32:32'),(27,29,10,13,'2022-12-01 20:32:43','2022-12-01 20:32:43'),(28,32,11,11,'2022-12-01 20:32:56','2022-12-01 20:32:56'),(29,33,10,14,'2022-12-01 20:33:07','2022-12-01 20:33:07'),(30,34,10,7,'2022-12-01 20:33:22','2022-12-01 20:33:22'),(31,29,11,12,'2022-12-01 20:33:32','2022-12-01 20:33:32');
/*!40000 ALTER TABLE `pedidos` ENABLE KEYS */;
UNLOCK TABLES;

--
-- Table structure for table `produtos`
--

DROP TABLE IF EXISTS `produtos`;
/*!40101 SET @saved_cs_client     = @@character_set_client */;
/*!50503 SET character_set_client = utf8mb4 */;
CREATE TABLE `produtos` (
  `id` int NOT NULL AUTO_INCREMENT,
  `nome_produto` varchar(255) DEFAULT NULL,
  `valor_produto` float DEFAULT NULL,
  `createdAt` datetime NOT NULL,
  `updatedAt` datetime NOT NULL,
  PRIMARY KEY (`id`)
) ENGINE=InnoDB AUTO_INCREMENT=17 DEFAULT CHARSET=utf8mb4 COLLATE=utf8mb4_0900_ai_ci;
/*!40101 SET character_set_client = @saved_cs_client */;

--
-- Dumping data for table `produtos`
--

LOCK TABLES `produtos` WRITE;
/*!40000 ALTER TABLE `produtos` DISABLE KEYS */;
INSERT INTO `produtos` VALUES (7,'Pomada',20,'2022-12-01 20:18:00','2022-12-01 20:18:00'),(8,'Condicionador',25,'2022-12-01 20:18:13','2022-12-01 20:18:13'),(9,'Acetona',3,'2022-12-01 20:18:21','2022-12-01 20:18:21'),(10,'Esmalte',5,'2022-12-01 20:18:31','2022-12-01 20:18:31'),(11,'Creme',30,'2022-12-01 20:18:42','2022-12-01 20:18:42'),(12,'Gel',15,'2022-12-01 20:19:07','2022-12-01 20:19:07'),(13,'Lixa',2,'2022-12-01 20:19:19','2022-12-01 20:19:19'),(14,'Shampoo',12,'2022-12-01 20:19:29','2022-12-01 20:19:29'),(15,'Algodão',5,'2022-12-01 20:19:43','2022-12-01 20:19:43'),(16,'Cílios postiços',15,'2022-12-01 20:20:02','2022-12-01 20:20:02');
/*!40000 ALTER TABLE `produtos` ENABLE KEYS */;
UNLOCK TABLES;

--
-- Table structure for table `servicos`
--

DROP TABLE IF EXISTS `servicos`;
/*!40101 SET @saved_cs_client     = @@character_set_client */;
/*!50503 SET character_set_client = utf8mb4 */;
CREATE TABLE `servicos` (
  `id` int NOT NULL AUTO_INCREMENT,
  `nome_servico` varchar(255) DEFAULT NULL,
  `valor_servico` float DEFAULT NULL,
  `createdAt` datetime NOT NULL,
  `updatedAt` datetime NOT NULL,
  PRIMARY KEY (`id`)
) ENGINE=InnoDB AUTO_INCREMENT=16 DEFAULT CHARSET=utf8mb4 COLLATE=utf8mb4_0900_ai_ci;
/*!40101 SET character_set_client = @saved_cs_client */;

--
-- Dumping data for table `servicos`
--

LOCK TABLES `servicos` WRITE;
/*!40000 ALTER TABLE `servicos` DISABLE KEYS */;
INSERT INTO `servicos` VALUES (6,'Corte',20,'2022-12-01 20:20:20','2022-12-01 20:20:20'),(7,'Sobrancelha',20,'2022-12-01 20:20:30','2022-12-01 20:20:30'),(8,'Busto',15,'2022-12-01 20:20:42','2022-12-01 20:20:42'),(9,'Unha',15,'2022-12-01 20:20:51','2022-12-01 20:20:51'),(10,'Axila',20,'2022-12-01 20:21:02','2022-12-01 20:21:02'),(11,'Limpeza de pele',35,'2022-12-01 20:21:16','2022-12-01 20:21:16'),(12,'Chapinha',18,'2022-12-01 20:21:26','2022-12-01 20:21:26'),(13,'Progressiva',200,'2022-12-01 20:21:36','2022-12-01 20:21:36'),(14,'Pintar o cabelo',50,'2022-12-01 20:21:45','2022-12-01 20:21:45'),(15,'Unha postiça',35,'2022-12-01 20:22:07','2022-12-01 20:22:07');
/*!40000 ALTER TABLE `servicos` ENABLE KEYS */;
UNLOCK TABLES;
/*!40103 SET TIME_ZONE=@OLD_TIME_ZONE */;

/*!40101 SET SQL_MODE=@OLD_SQL_MODE */;
/*!40014 SET FOREIGN_KEY_CHECKS=@OLD_FOREIGN_KEY_CHECKS */;
/*!40014 SET UNIQUE_CHECKS=@OLD_UNIQUE_CHECKS */;
/*!40101 SET CHARACTER_SET_CLIENT=@OLD_CHARACTER_SET_CLIENT */;
/*!40101 SET CHARACTER_SET_RESULTS=@OLD_CHARACTER_SET_RESULTS */;
/*!40101 SET COLLATION_CONNECTION=@OLD_COLLATION_CONNECTION */;
/*!40111 SET SQL_NOTES=@OLD_SQL_NOTES */;

-- Dump completed on 2022-12-01 18:16:41
